SubmissionDate,starttime,endtime,deviceid,subscriberid,simid,devicephonenum,intronote,consent,consented-stamp,consented-id,consented-name,consented-thanks,consented-title,consented-title_other,consented-age,consented-calculator,consented-calculatordisplay,consented-favfruit,consented-favveg,consented-favveg_other,consented-researcharea,consented-researcharea_other,consented-thisyear,consented-introgroup,consented-introgroup2,SET-OF-consented-projects,endnote,enumeratorcomment,meta-instanceID,KEY
"Sep 18, 2014 12:07:36 AM","Sep 18, 2014 12:03:59 AM","Sep 18, 2014 12:06:10 AM",359971042987791,404100234154431,8991101402341544361,"","",1,"Sep 18, 2014 12:04:00 AM",11,Lindsey,"",5,"",27,54,"",1,1 3 other,Cabbage,1 4,"",1,"","",uuid:7dd7691d-0f2d-4492-bf5e-afbb3a628892/consented-projects,"",It's so late!,uuid:7dd7691d-0f2d-4492-bf5e-afbb3a628892,uuid:7dd7691d-0f2d-4492-bf5e-afbb3a628892
"Sep 18, 2014 12:08:04 AM","Sep 18, 2014 12:06:14 AM","Sep 18, 2014 12:06:40 AM",359971042987792,404100234154432,8991101402341544362,"","",0,,"","","","","","","","","","","","","","","","",,"",Respondent is over it,uuid:096d0b46-7900-4024-b9d8-35038e3494c6,uuid:096d0b46-7900-4024-b9d8-35038e3494c6
"Sep 18, 2014 12:09:13 AM","Sep 18, 2014 12:06:44 AM","Sep 18, 2014 12:07:49 AM",359971042987793,404100234154433,8991101402341544363,"","",1,"Sep 18, 2014 12:06:00 AM",22,Rohit,"",2,"",25,50,"",2,1 2 3,"",2 3 4,"",0,"","",,"",It is cold,uuid:186b0e1f-6063-4f09-9715-94129f613a4d,uuid:186b0e1f-6063-4f09-9715-94129f613a4d
"Sep 18, 2014 12:10:43 AM","Sep 18, 2014 12:07:58 AM","Sep 18, 2014 12:09:19 AM",359971042987791,404100234154431,8991101402341544361,"","",1,"Sep 18, 2014 12:08:00 AM",39,Marc,"",3,"",100,200,"",3,888,"",1 2 3 4 5 6 other,Every sector,1,"","",uuid:254b7ab1-dc75-494b-9e5f-c64cc64d92ba/consented-projects,"",I love IPA,uuid:254b7ab1-dc75-494b-9e5f-c64cc64d92ba,uuid:254b7ab1-dc75-494b-9e5f-c64cc64d92ba
"Sep 18, 2014 12:12:18 AM","Sep 18, 2014 12:09:23 AM","Sep 18, 2014 12:10:54 AM",359971042987792,404100234154432,8991101402341544362,"","",1,"Sep 18, 2014 12:09:00 AM",85,Matt,"",2,"",26,52,"",4,3 4 other,Leek,2 3 4,"",1,"","",uuid:430ad73e-dabc-4de2-9f6f-81367f32926f/consented-projects,"",Check out cfout,uuid:430ad73e-dabc-4de2-9f6f-81367f32926f,uuid:430ad73e-dabc-4de2-9f6f-81367f32926f
"Sep 18, 2014 12:13:49 AM","Sep 18, 2014 12:10:59 AM","Sep 18, 2014 12:12:25 AM",359971042987793,404100234154433,8991101402341544363,"","",1,"Sep 18, 2014 12:11:00 AM",48,Dean,"",2,"",57,114,"",3,4,"",2 3,"",1,"","",uuid:8579133a-d670-4cc1-af94-0b9d5d856008/consented-projects,"",Use your field team,uuid:8579133a-d670-4cc1-af94-0b9d5d856008,uuid:8579133a-d670-4cc1-af94-0b9d5d856008
"Sep 18, 2014 1:31:18 AM","Sep 18, 2014 1:28:29 AM","Sep 18, 2014 1:29:41 AM",359971042987791,404100234154431,8991101402341544361,"","",1,"Sep 18, 2014 1:28:00 AM",48,Dean,"",999,"",18,36,"",2,1,"",1 2 3 4 5 6,"",1,"","",uuid:52facf1e-aff3-445c-98c1-1cba8d6e86b0/consented-projects,"",Star struck,uuid:52facf1e-aff3-445c-98c1-1cba8d6e86b0,uuid:52facf1e-aff3-445c-98c1-1cba8d6e86b0
"Sep 18, 2014 1:32:19 AM","Sep 18, 2014 1:29:44 AM","Sep 18, 2014 1:30:55 AM",359971042987792,404100234154432,8991101402341544362,"","",1,"Sep 18, 2014 1:29:00 AM",32,Esther,"",999,"",99,198,"",5,2,"",1 2 3 4 5 6,"",1,"","",uuid:515c6e56-a019-4627-923e-7edd51e58e33/consented-projects,"",Neat,uuid:515c6e56-a019-4627-923e-7edd51e58e33,uuid:515c6e56-a019-4627-923e-7edd51e58e33
"Sep 18, 2014 1:46:36 AM","Sep 18, 2014 1:44:22 AM","Sep 18, 2014 1:45:12 AM",359971042987793,404100234154433,8991101402341544363,"","",1,"Sep 18, 2014 1:44:00 AM",55,Abhijit,"",999,"",40,80,"",2,4 999,"",2,"",0,"","",,"",I rule,uuid:8e39ace2-2bef-4804-9a63-4be159299fad,uuid:8e39ace2-2bef-4804-9a63-4be159299fad
"Sep 18, 2014 1:48:47 AM","Sep 18, 2014 1:46:14 AM","Sep 18, 2014 1:47:23 AM",359971042987791,404100234154431,8991101402341544361,"","",1,"Sep 18, 2014 1:46:00 AM",28,Annie,"",5,"",18,36,"",5,3,"",1 2 3 4,"",1,"","",uuid:c59e57fe-e506-4c65-b1b7-b1addf1b95d8/consented-projects,"",Education is important,uuid:c59e57fe-e506-4c65-b1b7-b1addf1b95d8,uuid:c59e57fe-e506-4c65-b1b7-b1addf1b95d8
